INSERT INTO cliente (id, nome) VALUES
('C001', 'João Silva'),
('C002', 'Maria Oliveira'),
('C003', 'Carlos Souza'),
('C004', 'Ana Costa'),
('C005', 'Pedro Santos'),
('C006', 'Lucas Almeida'),
('C007', 'Mariana Pereira'),
('C008', 'Fernanda Lima'),
('C009', 'Rafael Gomes'),
('C010', 'Juliana Rocha');

INSERT INTO cliente_particular (id, cpf) VALUES
('C001', '123.456.789-00'),
('C002', '234.567.890-11'),
('C003', '345.678.901-22'),
('C004', '456.789.012-33'),
('C005', '567.890.123-44');

INSERT INTO cliente_empresa (id, cnpj) VALUES
('C006', '12.345.678/0001-99'),
('C007', '23.456.789/0002-88'),
('C008', '34.567.890/0003-77'),
('C009', '45.678.901/0004-66'),
('C010', '56.789.012/0005-55');

INSERT INTO taxi (placa, marca, modelo, anofab) VALUES
('ABC1234', 'Toyota', 'Corolla', 2018),
('DEF5678', 'Chevrolet', 'Cruze', 2019),
('GHI9012', 'Ford', 'Fusion', 2020),
('JKL3456', 'Hyundai', 'Elantra', 2021),
('MNO7890', 'Volkswagen', 'Jetta', 2017),
('PQR2345', 'Honda', 'Civic', 2018),
('STU6789', 'Nissan', 'Sentra', 2019),
('VWX0123', 'Kia', 'Cerato', 2020),
('YZA4567', 'Fiat', 'Linea', 2016),
('BCD8901', 'Renault', 'Fluence', 2015),
('EFG2345', 'Peugeot', '308', 2018),
('HIJ6789', 'Citroën', 'C4', 2017),
('KLM0123', 'Subaru', 'Impreza', 2020),
('NOP4567', 'Mazda', '3', 2021),
('QRS8901', 'Mitsubishi', 'Lancer', 2019),
('TUV2345', 'Suzuki', 'SX4', 2016),
('WXY6789', 'BMW', '320i', 2018),
('ZAB0123', 'Mercedes-Benz', 'C200', 2019),
('CDE4567', 'Audi', 'A4', 2020),
('FGH8901', 'Volvo', 'S60', 2021);

INSERT INTO corrida (cliid, placa, dataPedido) VALUES
('C001', 'ABC1234', '2024-01-01'),
('C002', 'DEF5678', '2024-01-02'),
('C003', 'GHI9012', '2024-01-03'),
('C004', 'JKL3456', '2024-01-04'),
('C005', 'MNO7890', '2024-01-05'),
('C006', 'PQR2345', '2024-01-06'),
('C007', 'STU6789', '2024-01-07'),
('C008', 'VWX0123', '2024-01-08'),
('C009', 'YZA4567', '2024-01-09'),
('C010', 'BCD8901', '2024-01-10'),
('C001', 'EFG2345', '2024-01-11'),
('C002', 'HIJ6789', '2024-01-12'),
('C003', 'KLM0123', '2024-01-13'),
('C004', 'NOP4567', '2024-01-14'),
('C005', 'QRS8901', '2024-01-15'),
('C006', 'TUV2345', '2024-01-16'),
('C007', 'WXY6789', '2024-01-17'),
('C008', 'ZAB0123', '2024-01-18'),
('C009', 'CDE4567', '2024-01-19'),
('C010', 'FGH8901', '2024-01-20'),
('C001', 'ABC1234', '2024-01-21'),
('C002', 'DEF5678', '2024-01-22'),
('C003', 'GHI9012', '2024-01-23'),
('C004', 'JKL3456', '2024-01-24'),
('C005', 'MNO7890', '2024-01-25'),
('C006', 'PQR2345', '2024-01-26'),
('C007', 'STU6789', '2024-01-27'),
('C008', 'VWX0123', '2024-01-28'),
('C009', 'YZA4567', '2024-01-29'),
('C010', 'BCD8901', '2024-01-30'),
('C001', 'EFG2345', '2024-02-01'),
('C002', 'HIJ6789', '2024-02-02'),
('C003', 'KLM0123', '2024-02-03'),
('C004', 'NOP4567', '2024-02-04'),
('C005', 'QRS8901', '2024-02-05'),
('C006', 'TUV2345', '2024-02-06'),
('C007', 'WXY6789', '2024-02-07'),
('C008', 'ZAB0123', '2024-02-08'),
('C009', 'CDE4567', '2024-02-09'),
('C010', 'FGH8901', '2024-02-10'),
('C001', 'ABC1234', '2024-02-11'),
('C002', 'DEF5678', '2024-02-12'),
('C003', 'GHI9012', '2024-02-13'),
('C004', 'JKL3456', '2024-02-14'),
('C005', 'MNO7890', '2024-02-15'),
('C006', 'PQR2345', '2024-02-16'),
('C007', 'STU6789', '2024-02-17'),
('C008', 'VWX0123', '2024-02-18'),
('C009', 'YZA4567', '2024-02-19'),
('C010', 'BCD8901', '2024-02-20'),
('C001', 'EFG2345', '2024-02-21'),
('C002', 'HIJ6789', '2024-02-22'),
('C003', 'KLM0123', '2024-02-23'),
('C004', 'NOP4567', '2024-02-24'),
('C005', 'QRS8901', '2024-02-25'),
('C006', 'TUV2345', '2024-02-26'),
('C007', 'WXY6789', '2024-02-27'),
('C008', 'ZAB0123', '2024-02-28'),
('C009', 'CDE4567', '2024-03-01'),
('C010', 'FGH8901', '2024-03-02'),
('C001', 'ABC1234', '2024-03-03'),
('C002', 'DEF5678', '2024-03-04'),
('C003', 'GHI9012', '2024-03-05'),
('C004', 'JKL3456', '2024-03-06'),
('C005', 'MNO7890', '2024-03-07'),
('C006', 'PQR2345', '2024-03-08'),
('C007', 'STU6789', '2024-03-09'),
('C008', 'VWX0123', '2024-03-10'),
('C009', 'YZA4567', '2024-03-11'),
('C010', 'BCD8901', '2024-03-12'),
('C001', 'EFG2345', '2024-03-13'),
('C002', 'HIJ6789', '2024-03-14'),
('C003', 'KLM0123', '2024-03-15'),
('C004', 'NOP4567', '2024-03-16'),
('C005', 'QRS8901', '2024-03-17'),
('C006', 'TUV2345', '2024-03-18'),
('C007', 'WXY6789', '2024-03-19'),
('C008', 'ZAB0123', '2024-03-20'),
('C009', 'CDE4567', '2024-03-21'),
('C010', 'FGH8901', '2024-03-22'),
('C001', 'ABC1234', '2024-03-23'),
('C002', 'DEF5678', '2024-03-24'),
('C003', 'GHI9012', '2024-03-25'),
('C004', 'JKL3456', '2024-03-26'),
('C005', 'MNO7890', '2024-03-27'),
('C006', 'PQR2345', '2024-03-28'),
('C007', 'STU6789', '2024-03-29'),
('C008', 'VWX0123', '2024-03-30'),
('C009', 'YZA4567', '2024-03-31'),
('C010', 'BCD8901', '2024-04-01');